ID,Nama Tempat,Alamat Lengkap,Latitude,Longitude,Kategori,Jam Buka,Rating,Jumlah Ulasan,Nomor Telepon,Website,Link Google Maps
ChIJe43XdHEuMTAROd5xOFsTihY,Graha Bunda Maria Annai Velangkanni,"Jl. Taman Sakura Indah Jl. Sakura III No.7-10, Tanjung Selamat, Medan Tuntungan, Medan City, North Sumatra 20135, Indonesia",,,,,4.8,4649,+62 61 8201943,http://www.velangkanni.com/,https://www.google.com/maps/place/?q=place_id:ChIJe43XdHEuMTAROd5xOFsTihY
ChIJz_41qy0wMTARGhpYhUhdZAE,Vihara Gunung Timur,"Jl. Hang Tuah No.16, Madras Hulu, Medan Polonia, Medan City, North Sumatra 20151, Indonesia",,,,,4.7,543,,,https://www.google.com/maps/place/?q=place_id:ChIJz_41qy0wMTARGhpYhUhdZAE
ChIJXUfj_zQyMTARJ2nhP5FokfI,Maha Vihara Maitreya,"Medan, Komplek Perumahan Cemara Asri Jl. Cemara Asri Boulevard Raya No.8, Percut Sei Tuan, Deli Serdang Regency, North Sumatra 20371, Indonesia",,,,,4.7,4315,+62 61 6633300,http://www.mahaviharamaitreya.org/,https://www.google.com/maps/place/?q=place_id:ChIJXUfj_zQyMTARJ2nhP5FokfI
ChIJaexxOdQxMTARt3BU1MPMyK0,Mariamman Temple,"Jl. Teuku Umar No.18, Petisah Tengah, Medan Petisah, Medan City, North Sumatra 20151, Indonesia",,,,,4.6,967,,,https://www.google.com/maps/place/?q=place_id:ChIJaexxOdQxMTARt3BU1MPMyK0
ChIJXa1FqYoxMTARo2uqjLM_5tU,Wisata Rohani Medan (Ziarek Tour Medan),"Jl. Busi No.3, Kampung Baru, Medan Maimun, Medan City, North Sumatra 20219, Indonesia",,,,,,,+62 813-6155-8870,https://wisatarohanimedan.com/,https://www.google.com/maps/place/?q=place_id:ChIJXa1FqYoxMTARo2uqjLM_5tU
ChIJlXv7raoxMTARIhy9L4UGHOU,Vihara Gunung Timur Sakti,"JL. AR. Hakim, No. 24, Sukaramai II, Kec. Medan Area, Kota Medan, Sumatera Utara 20224, Indonesia",,,,,4.8,59,,,https://www.google.com/maps/place/?q=place_id:ChIJlXv7raoxMTARIhy9L4UGHOU
ChIJi5MuR80xMTARc3lHD5sl7rw,Masjid Agung Kota Medan Sumatera Utara,"Jl. Pangeran Diponegoro, Madras Hulu, Kec. Medan Polonia, Kota Medan, Sumatera Utara, Indonesia",,,,,4.8,4088,,http://www.sumutprov.go.id/,https://www.google.com/maps/place/?q=place_id:ChIJi5MuR80xMTARc3lHD5sl7rw
ChIJ9cxMfsoxMTARnnrHhUR7hfw,Cathedral of Immaculate Conception,"Jl. Pemuda No.1, A U R, Medan Maimun, Medan City, North Sumatra 20212, Indonesia",,,,,4.8,690,+62 61 4552753,https://katedralmedan.or.id/,https://www.google.com/maps/place/?q=place_id:ChIJ9cxMfsoxMTARnnrHhUR7hfw
ChIJR_Z-FnbNNjAR1xTb6X8xWMc,Al-Osmani Mosque,"JL Kol Yos Sudarso, Km. 19, 5, Labuhan, Pekan Labuhan, Kec. Medan Labuhan, Kota Medan, Sumatera Utara 20252, Indonesia",,,,,4.8,1087,+62 61 6853484,http://www.medanwisata.com/2014/03/masjid-raya-al-osmani-medan-sumatera.html,https://www.google.com/maps/place/?q=place_id:ChIJR_Z-FnbNNjAR1xTb6X8xWMc
ChIJaRymPB8uMTARuV7mxMgh41w,Wat Phakor,"Jl. Danau Ranau No.22F, Sei Agul, Medan Barat, Medan City, North Sumatra 20114, Indonesia",,,,,5,9,,,https://www.google.com/maps/place/?q=place_id:ChIJaRymPB8uMTARuV7mxMgh41w
ChIJ2aVf2tUxMTARWLeiabXrpu8,MASJID RAYA ACEH SEPAKAT,"HMP6+3RG, Petisah Tengah, Kec. Medan Petisah, Kota Medan, Sumatera Utara 20111, Indonesia",,,,,4.9,704,,,https://www.google.com/maps/place/?q=place_id:ChIJ2aVf2tUxMTARWLeiabXrpu8
ChIJZ4ThickxMTARvvjDDIvvrcw,Tjong A Fie Mansion,"Jl. Jend. Ahmad Yani No.105, Kesawan, Medan Barat, Medan City, North Sumatra 20111, Indonesia",,,,,4.6,3274,+62 811-6130-388,http://www.tjongafiemansion.org/,https://www.google.com/maps/place/?q=place_id:ChIJZ4ThickxMTARvvjDDIvvrcw
ChIJZZRkn3HNNjARXgATg1An1rc,Siu San Keng Temple (寿山宫),"PMMG+73M, Jl. Syahbudin Yatim, Pekan Labuhan, Medan Labuhan, Medan City, North Sumatra 20253, Indonesia",,,,,4.8,191,,,https://www.google.com/maps/place/?q=place_id:ChIJZZRkn3HNNjARXgATg1An1rc
ChIJ9YBJ2iUwMTARtr8RvOUCmEY,Vihara Loka Santi லோகா சாந்தி விகாரை,"JL. Karya Pembangunan, Gg. E /50, Polonia, Kec. Medan Polonia, Kota Medan, Sumatera Utara 20157, Indonesia",,,,,4.9,23,,,https://www.google.com/maps/place/?q=place_id:ChIJ9YBJ2iUwMTARtr8RvOUCmEY
ChIJb-19uLYxMTARTXNJJicIqaE,Catholic Church of Christ the King Parish,"Jl. M. T. Haryono No.36, Pusat Pasar, Medan Kota, Medan City, North Sumatra 20212, Indonesia",,,,,4.8,244,+62 61 4142144,https://instagram.com/omkkr_mdn?igshid=YzAwZjE1ZTI0Zg==,https://www.google.com/maps/place/?q=place_id:ChIJb-19uLYxMTARTXNJJicIqaE
ChIJ87P4z7YxMTARC31yYFgMyWU,Yayasan Gereja Methodist Indonesia Jemaat Gloria Medan 印尼卫理公会棉兰荣耀堂,"Jl. M. T. Haryono No.38, Pusat Pasar, Medan Kota, Medan City, North Sumatra 20212, Indonesia",,,,,4.8,151,+62 61 4524916,http://gmigloria.org/,https://www.google.com/maps/place/?q=place_id:ChIJ87P4z7YxMTARC31yYFgMyWU
ChIJY2qa4tYxMTARqM2X2AU3bAg,Wesley Methodist Church Medan,"Jl. Sultan Agung No.9, Petisah Tengah, Medan Petisah, Medan City, North Sumatra 20111, Indonesia",,,,,4.8,84,+62 61 4554742,https://youtube.com/@WesleyMethodistChurchMedan?feature=shared,https://www.google.com/maps/place/?q=place_id:ChIJY2qa4tYxMTARqM2X2AU3bAg
ChIJU4ISvTYwMTARfEGxf6L9rRE,Kuria Keuskupan Agung Medan,"Jl. Imam Bonjol No.39, J A T I, Medan Maimun, Medan City, North Sumatra, Indonesia",,,,,4.8,71,+62 61 4516647,http://archdioceseofmedan.or.id/,https://www.google.com/maps/place/?q=place_id:ChIJU4ISvTYwMTARfEGxf6L9rRE
ChIJn9xwUawvMTARpjK_CEdgvMU,ELS Ministry Medan,"Jl. K.H. Wahid Hasyim No.53/72, Babura, Medan Baru, Medan City, North Sumatra 20154, Indonesia",,,,,4,1,,,https://www.google.com/maps/place/?q=place_id:ChIJn9xwUawvMTARpjK_CEdgvMU
ChIJrTXKvRgyMTARQY12Jsfs1gI,Church of Christian Assembly,"Jl. Gunung Krakatau No.35, Pulo Brayan Darat II, Medan Timur, Medan City, North Sumatra 20116, Indonesia",,,,,4.9,303,+62 811-6161-995,http://www.ccamedan.org/,https://www.google.com/maps/place/?q=place_id:ChIJrTXKvRgyMTARQY12Jsfs1gI
ChIJZSsGE28uMTAR43Z-4bbFzkU,Biara Kapusin Emmaus,"Jl. Beringin 3 No.9, Helvetia, Kec. Medan Helvetia, Kota Medan, Sumatera Utara 20214, Indonesia",,,,,4.7,76,+62 61 8474292,http://www.medan.kapusin.org/p/kontak.html,https://www.google.com/maps/place/?q=place_id:ChIJZSsGE28uMTAR43Z-4bbFzkU
ChIJg9B1r1gvMTARjhNFs--upu0,The Church of Jesus Christ of Latter-day Saints,"Jl. Sei Babalan No.20, Sei Sikambing D, Medan Petisah, Medan City, North Sumatra 20114, Indonesia",,,,,5,3,+62 812-6349-6240,http://churchofjesuschrist.org/comeuntochrist,https://www.google.com/maps/place/?q=place_id:ChIJg9B1r1gvMTARjhNFs--upu0
ChIJx-rVMu0xMTARV8f74IAUtpI,GBI Nibung Raya - Rayon 3 Medan,"Jl. Nibung II No.29-30, Petisah Tengah, Medan Petisah, Medan City, North Sumatra 20111, Indonesia",,,,,4.7,17,+62 822-7673-5557,,https://www.google.com/maps/place/?q=place_id:ChIJx-rVMu0xMTARV8f74IAUtpI
ChIJP2QdQKAxMTARZ3r5FQ2Dvkw,GKPI Jemaat Khusus Sentosa Medan,"20222, Gang Sehati, Sei Kera Hilir I, Medan Perjuangan, Sei Kera Hilir I, Kec. Medan Perjuangan, Kota Medan, Sumatera Utara 20226, Indonesia",,,,,4.7,18,,,https://www.google.com/maps/place/?q=place_id:ChIJP2QdQKAxMTARZ3r5FQ2Dvkw
ChIJc5SKWCsuMTARRlfILx_1XNw,GKPI Sei Bahbolon,"Jl. Sei Bahbolon No.18, Babura, Medan Baru, Medan City, North Sumatra 20153, Indonesia",,,,,4.7,28,,,https://www.google.com/maps/place/?q=place_id:ChIJc5SKWCsuMTARRlfILx_1XNw
ChIJYQvh22cxMTARgS2wizjgLf0,Medan,"Lrg. Samsu No.5, Tegal Sari III, Medan Area, Medan City, North Sumatra 20215, Indonesia",,,,,,,,,https://www.google.com/maps/place/?q=place_id:ChIJYQvh22cxMTARgS2wizjgLf0
ChIJMQt5Oi4uMTARcT37gf7G3IM,GBKP Runggun Darussalam,"HJQX+3W5, Sei Sikambing D, Medan Petisah, Medan City, North Sumatra 20113, Indonesia",,,,,4.8,25,,,https://www.google.com/maps/place/?q=place_id:ChIJMQt5Oi4uMTARcT37gf7G3IM
ChIJ_2xyTnIxMTARWD8_2gNlIVw,International Full Gospel Fellowship (IFGF) Medan - Centre Point,"HMVJ+2GX, Komp. Center Point, Gang Buntu, Medan Timur, Medan City, North Sumatra 20232, Indonesia",,,,,5,12,,,https://www.google.com/maps/place/?q=place_id:ChIJ_2xyTnIxMTARWD8_2gNlIVw
ChIJo0v-7ZsxMTARf-DfAeBjszU,GKPI Gg Sado Medan,"JM4X+C5P, Jl. Taduan, Sidorejo, Medan Tembung, Medan City, North Sumatra 20222, Indonesia",,,,,4.5,26,,,https://www.google.com/maps/place/?q=place_id:ChIJo0v-7ZsxMTARf-DfAeBjszU
ChIJGbpBNSUuMTARTRmv-Xa2jac,GKPI Jemaat Khusus Sei Putih,"Jl. Mistar No.20, Sei Sikambing C. II, Medan Helvetia, Medan City, North Sumatra 20118, Indonesia",,,,,4.8,14,+62 61 4563242,,https://www.google.com/maps/place/?q=place_id:ChIJGbpBNSUuMTARTRmv-Xa2jac
ChIJJZt9FZQxMTARLu9DO0kUq1c,GBI - Gereja Bethel Indonesia Pelita Kasih,"Jl. Pelita I No.44, Sidorame Barat I, Medan Perjuangan, Medan City, North Sumatra 20233, Indonesia",,,,,4.5,24,+62 821-6012-9717,,https://www.google.com/maps/place/?q=place_id:ChIJJZt9FZQxMTARLu9DO0kUq1c
ChIJm2A2T-sxMTAROhElQEycD5w,EVERY NATION MEDAN,"Jl. Kapten Maulana Lubis No.8 Lantai 3, Petisah Tengah, Kec. Medan Petisah, Kota Medan, Sumatera Utara 20112, Indonesia",,,,,5,1,+62 877-4351-7984,,https://www.google.com/maps/place/?q=place_id:ChIJm2A2T-sxMTAROhElQEycD5w
ChIJKSmo1SEwMTARVzDwdfw8JGM,GKPI Padang Bulan Medan,"Gg. Sehati No.352, Padang Bulan, Medan Baru, Medan City, North Sumatra 20157, Indonesia",,,,,4.8,434,,http://gkpipadangbulan.or.id/,https://www.google.com/maps/place/?q=place_id:ChIJKSmo1SEwMTARVzDwdfw8JGM
ChIJuRa4_sU7MTARLJKLiJpA6_Q,GKPI Johor Indah,"GM76+6JJ, Deli Tua, Namorambe, Deli Serdang Regency, North Sumatra 20146, Indonesia",,,,,5,6,,,https://www.google.com/maps/place/?q=place_id:ChIJuRa4_sU7MTARLJKLiJpA6_Q
ChIJNSLFehgyMTARVgGbeAn6APc,GPIB Filadelfia Medan,"Jl. Gunung Krakatau No.14 A, Pulo Brayan Darat II, Kec. Medan Tim., Kota Medan, Sumatera Utara 20239, Indonesia",,,,,4.8,59,+62 61 6623242,https://instagram.com/gpibfiladelfiamdn?igshid=YzAwZjE1ZTI0Zg==,https://www.google.com/maps/place/?q=place_id:ChIJNSLFehgyMTARVgGbeAn6APc
ChIJfRHNbdIxMTARddNgw1bnuTM,GKI Sumut Medan,"Jl. KH. Zainul Arifin No.124-126, Petisah Tengah, Medan Petisah, Medan City, North Sumatra 20152, Indonesia",,,,,4.8,121,+62 61 4511767,https://instagram.com/gkisumedan?igshid=YzAwZjE1ZTI0Zg==,https://www.google.com/maps/place/?q=place_id:ChIJfRHNbdIxMTARddNgw1bnuTM
ChIJ0-R5EuAxMTAR1WlrpBJVI0g,GKPI Sei Agul,"JM26+MFV, Jl. Orde Baru, Sei Agul, Medan Barat, Medan City, North Sumatra 20117, Indonesia",,,,,4.6,34,+62 61 6628105,,https://www.google.com/maps/place/?q=place_id:ChIJ0-R5EuAxMTAR1WlrpBJVI0g
ChIJk-D-ZmcwMTARjQDpZx77bsI,GKPI Jemaat Khusus Air Bersih,"Jl. Air Bersih No.27, Sudirejo I, Medan Kota, Medan City, North Sumatra 20216, Indonesia",,,,,4.7,71,+62 813-7624-4126,http://www.gkpi.or.id/,https://www.google.com/maps/place/?q=place_id:ChIJk-D-ZmcwMTARjQDpZx77bsI
ChIJEz0IzpoxMTARr2NHe5o3D4I,GKPI Jemaat Khusus Simpang Limun,"Jl. Kemiri 3 No.42, Sudirejo II, Medan Kota, Medan City, North Sumatra 20216, Indonesia",,,,,4.5,33,+62 61 7878806,,https://www.google.com/maps/place/?q=place_id:ChIJEz0IzpoxMTARr2NHe5o3D4I
ChIJKeXR8l8wMTARxmG85_klq6o,The Protestant Fellowship Church,"Jl. Sempurna No.229, Binjai, Medan Denai, Medan City, North Sumatra 20228, Indonesia",,,,,4.9,33,+62 61 7875903,,https://www.google.com/maps/place/?q=place_id:ChIJKeXR8l8wMTARxmG85_klq6o
ChIJ8Tqy18AvMTARmICZQth6z-I,Gereja Kristen Protestan Indonesia,"Jl. Setia Budi No.207, Tj. Rejo, Kec. Medan Sunggal, Kota Medan, Sumatera Utara 20122, Indonesia",,,,,4.8,20,,,https://www.google.com/maps/place/?q=place_id:ChIJ8Tqy18AvMTARmICZQth6z-I
ChIJmzJ0p40xMTARbJZ-srM5dDw,GKPS Kampung Durian,"Jl. Mapilindo No.21, Glugur Darat II, Medan Timur, Medan City, North Sumatra 20238, Indonesia",,,,,4.5,49,,http://www.gkps.or.id/,https://www.google.com/maps/place/?q=place_id:ChIJmzJ0p40xMTARbJZ-srM5dDw
ChIJAXZDdvMxMTARa8PsegcKMDE,GKPI Resort Khusus Glugur Darat,"JM7H+VQ8, Jl. Gn. Seulawah, Glugur Darat I, Medan Timur, Medan City, North Sumatra 20238, Indonesia",,,,,4.8,14,+62 61 6631033,http://www.gkpi.or.id/,https://www.google.com/maps/place/?q=place_id:ChIJAXZDdvMxMTARa8PsegcKMDE
ChIJgc3VUPswMTARv7jnw5RwbEA,GKPI Bromo Ujung,"Jl. Bromo No.25A, Binjai, Medan Denai, Medan City, North Sumatra 20226, Indonesia",,,,,5,6,,http://www.gkpi.or.id/,https://www.google.com/maps/place/?q=place_id:ChIJgc3VUPswMTARv7jnw5RwbEA
ChIJtZEqx9MxMTARm-95XfK_1Q8,International Church Medan,"Centre Point Mall, Jl. Jawa No.8 Level 01-01, Gang Buntu, Medan Timur, Medan City, North Sumatra 20231, Indonesia",,,,,4.8,72,+62 812-6539-3133,https://icmedan.com/,https://www.google.com/maps/place/?q=place_id:ChIJtZEqx9MxMTARm-95XfK_1Q8
ChIJp0PeiN4xMTARO51pd3_hzlI,Gereja Kristen Protestan Indonesia,"JL. Sekip, No. 38, Sei Agul, Sekip, Kec. Medan Petisah, Kota Medan, Sumatera Utara 20111, Indonesia",,,,,5,2,+62 61 6628105,http://www.gkpi.or.id/,https://www.google.com/maps/place/?q=place_id:ChIJp0PeiN4xMTARO51pd3_hzlI
ChIJtzHtu24yMTARYS2Xuvm0RCQ,GKPI Immanuel Medan Utara,"Jalan Kawat 3 Ujung No.75, Tanjung Mulia Hilir, Medan Deli, Medan City, North Sumatra 20241, Indonesia",,,,,4.1,7,,,https://www.google.com/maps/place/?q=place_id:ChIJtzHtu24yMTARYS2Xuvm0RCQ
ChIJsc2z2a8xMTARbY2nVUU04Hk,GKPS - Gereja Kristen Protestan Simalungun Jemaat Hang Tuah,"Jl. Teuku Cik Ditiro No.1, Madras Hulu, Medan Polonia, Medan City, North Sumatra 20152, Indonesia",,,,,4.8,13,,,https://www.google.com/maps/place/?q=place_id:ChIJsc2z2a8xMTARbY2nVUU04Hk
ChIJm-QQF4IxMTARLV6ii-4e1hw,GKPI Partahanan,"Jl. Tombak No.66 E, Sidorejo Hilir, Medan Tembung, Medan City, North Sumatra 20222, Indonesia",,,,,4.5,15,,,https://www.google.com/maps/place/?q=place_id:ChIJm-QQF4IxMTARLV6ii-4e1hw
ChIJ1dAecNAxMTARgTc1MDi9n3g,Rahmat International Wildlife Museum & Gallery,"Jl. S. Parman No.309, Petisah Hulu, Medan Baru, Medan City, North Sumatra 20152, Indonesia",,,,,4.6,2855,+62 61 4569964,,https://www.google.com/maps/place/?q=place_id:ChIJ1dAecNAxMTARgTc1MDi9n3g
ChIJiWJuj0kwMTARI7ICMX9rEbI,Meriam Puntung,"Jl. Brigjend Katamso No.118, A U R, Kec. Medan Maimun, Kota Medan, Sumatera Utara 20159, Indonesia",,,,,4.4,96,,,https://www.google.com/maps/place/?q=place_id:ChIJiWJuj0kwMTARI7ICMX9rEbI
ChIJ8Y0xVEkwMTAR5bo4vV26z9k,Masjid Raya Al-Mashun,"Jl. Mahkamah No.74c, RT.02, Mesjid, Kec. Medan Kota, Kota Medan, Sumatera Utara 20212, Indonesia",,,,,4.8,1906,,https://www.facebook.com/masjidrayaalmashunkotamedan/,https://www.google.com/maps/place/?q=place_id:ChIJ8Y0xVEkwMTAR5bo4vV26z9k
ChIJgWJdY7U6MTAR81FFChcmCFg,Masjid ANNAZHIRIN,"GMC6+7VJ, Jl. Eka Warni, Gedung Johor, Medan Johor, Medan City, North Sumatra 20146, Indonesia",,,,,4.9,1109,+62 821-6526-1100,,https://www.google.com/maps/place/?q=place_id:ChIJgWJdY7U6MTAR81FFChcmCFg
ChIJIVBJFckxMTARZj9913s2Kko,Masjid Lama Gang Bengkok,"Jl. Mesjid No.62, Kesawan, Kec. Medan Bar., Kota Medan, Sumatera Utara 20212, Indonesia",,,,,4.8,1035,,,https://www.google.com/maps/place/?q=place_id:ChIJIVBJFckxMTARZj9913s2Kko
ChIJg-P5Ow8vMTARg-aHic0hvBI,Masjid Raya Datuk Badiuzzaman Surbakti,"HJ95+RWC, Sunggal, Medan Sunggal, Medan City, North Sumatra 20128, Indonesia",,,,,4.8,110,,,https://www.google.com/maps/place/?q=place_id:ChIJg-P5Ow8vMTARg-aHic0hvBI
ChIJ5V2fNdIxMTAReYvcHo22EPk,Masjid Ghaudiyah,"HMM9+M98, Jl. KH. Zainul Arifin, Petisah Tengah, Kec. Medan Petisah, Kota Medan, Sumatera Utara 20112, Indonesia",,,,,4.7,105,,,https://www.google.com/maps/place/?q=place_id:ChIJ5V2fNdIxMTAReYvcHo22EPk
ChIJf7UJvdUvMTARk0nNjr6UsZ4,Al-Jihad Mosque,"HMH5+38G, Jl. Masjid Al Jihad No.22a, Babura, Medan Baru, Medan City, North Sumatra 20222, Indonesia",,,,,4.9,4099,,,https://www.google.com/maps/place/?q=place_id:ChIJf7UJvdUvMTARk0nNjr6UsZ4
ChIJaxHoMrgxMTARb2KDtlSIP98,Masjid Raya Pusat Pasar Medan,"Jl. Pusat Pasar No.4, Pusat Ps., Kec. Medan Kota, Kota Medan, Sumatera Utara 20212, Indonesia",,,,,4.6,747,,,https://www.google.com/maps/place/?q=place_id:ChIJaxHoMrgxMTARb2KDtlSIP98
ChIJeYRpwG4xMTARpQUwbYbPMTQ,Baiturrahman Mosque UNIMED,"JP49+HPM, Jl. Ismail Harun, Kenangan, Percut Sei Tuan, Deli Serdang Regency, North Sumatra 20371, Indonesia",,,,,4.8,744,,,https://www.google.com/maps/place/?q=place_id:ChIJeYRpwG4xMTARpQUwbYbPMTQ
ChIJF4EQwi8yMTARItPuuNDyGV4,MASJID AL MUSANNIF,"JMHV+QWV, Jl. Cemara Perumahan Cemara Asri, Sampali, Percut Sei Tuan, Deli Serdang Regency, North Sumatra 20371, Indonesia",,,,,4.8,3256,,http://yayasanhajianif.id/,https://www.google.com/maps/place/?q=place_id:ChIJF4EQwi8yMTARItPuuNDyGV4
ChIJIWNY-CouMTAR4u0s9ap1x0w,Masjid Muslimin,"Jl. Sei Batang Serangan No.93 / 6, Babura, Kec. Medan Baru, Kota Medan, Sumatera Utara 20153, Indonesia",,,,,4.8,209,,,https://www.google.com/maps/place/?q=place_id:ChIJIWNY-CouMTAR4u0s9ap1x0w
ChIJjQE1ZU0wMTARdiMEF_6_KTs,Syekh Hasan Maksum Mosque,"HMHV+63M, Jl. Puri, Matsum I City, Medan Area, Medan City, North Sumatra 20215, Indonesia",,,,,4.7,23,,,https://www.google.com/maps/place/?q=place_id:ChIJjQE1ZU0wMTARdiMEF_6_KTs
ChIJEdH-uXgwMTARnuFKKShKOm8,Masjid Al - Hilal,"Jl. Bajak 2 No.10 Kel, Harjosari II, Medan Amplas, Medan City, North Sumatra 20219, Indonesia",,,,,4.8,232,,,https://www.google.com/maps/place/?q=place_id:ChIJEdH-uXgwMTARnuFKKShKOm8
ChIJm6Q2IOoxMTARH35weeOz9xM,Masjid Baiturrahman,"Jl. Gaharu No.47, Gaharu, Kec. Medan Tim., Kota Medan, Sumatera Utara 20235, Indonesia",,,,,4.8,218,,,https://www.google.com/maps/place/?q=place_id:ChIJm6Q2IOoxMTARH35weeOz9xM
ChIJdeItwhADMTARB_MDpsk2008,Taman Alam Lumbini,"Jl. Barusjahe, Dolat Rayat, Dolat Rakyat, Karo Regency, North Sumatra 22171, Indonesia",,,,,4.4,3930,+62 852-7516-2891,http://www.tamanalamlumbini.org/,https://www.google.com/maps/place/?q=place_id:ChIJdeItwhADMTARB_MDpsk2008
ChIJe6PF_DjlMDARrWrMp_amLMY,TWS Taman Wisata Syariah Pamah Simelir,"79QH+5VV, Dusun Pamah Simelir, Telagah, Kec. Sei Bingai, Kabupaten Langkat, Sumatera Utara, Indonesia",,,,,4.5,145,+62 823-3913-1840,https://instagram.com/twspamahsimelir?igshid=MmVlMjlkMTBhMg==,https://www.google.com/maps/place/?q=place_id:ChIJe6PF_DjlMDARrWrMp_amLMY
ChIJzZ_cagAxMTARBLZrbFTTHsk,Masjid Jami kebun bunga,"HMPC+P26, Jl. Taruma, Petisah Tengah, Kec. Medan Petisah, Kota Medan, Sumatera Utara 20151, Indonesia",,,,,4.7,3,,,https://www.google.com/maps/place/?q=place_id:ChIJzZ_cagAxMTARBLZrbFTTHsk
ChIJJydx3IIyMTAR3EeLVLialQs,Pubbarama Buddhist Centre (PBC),"MM96+WWC, Jl. Perak, Kota Bangun, Kec. Medan Deli, Kota Medan, Sumatera Utara 20242, Indonesia",,,,,4.7,340,+62 812-6922-2666,,https://www.google.com/maps/place/?q=place_id:ChIJJydx3IIyMTAR3EeLVLialQs
ChIJxfCUhcwxMTARGOR01EKOXqM,Vihara Borobudur,"Jl. Imam Bonjol No.21, Hamdan, Medan Maimun, Medan City, North Sumatra 20151, Indonesia",,,,,4.8,558,+62 61 4528515,https://www.viharaborobudur.org/,https://www.google.com/maps/place/?q=place_id:ChIJxfCUhcwxMTARGOR01EKOXqM
ChIJm6ubtxUwMTAR0naFeuDWh14,Vihara Sinar Buddha (BLIA) 印尼棉蘭佛光寺,"Kompleks CBD, Blok EE110, Jl. Antariksa, Suka Damai, Medan Polonia, Medan City, North Sumatra 20159, Indonesia",,,,,4.7,105,+62 61 42771888,http://www.facebook.com/BLIAindonesia,https://www.google.com/maps/place/?q=place_id:ChIJm6ubtxUwMTAR0naFeuDWh14
ChIJmZbkKcgxMTARgg7Bji2SY5Q,Setia Budi Temple,"Jl. Irian Barat No.6d, Gang Buntu, Medan Timur, Medan City, North Sumatra 20212, Indonesia",,,,,4.7,624,,,https://www.google.com/maps/place/?q=place_id:ChIJmZbkKcgxMTARgg7Bji2SY5Q
ChIJZ77wu9ExMTARjFWtNW5n8hg,Shri Supramaniyam Temple ஸ்ரீ சுப்ரமணியம் நாகரத்தர் கோயில்,"Jalan Kebun Bunga No.6, Petisah Tengah, Medan Petisah, Medan City, North Sumatra 20112, Indonesia",,,,,5,14,+62 812-9710-1675,,https://www.google.com/maps/place/?q=place_id:ChIJZ77wu9ExMTARjFWtNW5n8hg
ChIJ3VkakSIxMTARowXGNihnwmQ,Mualaf Center Indonesia Peduli Regional Medan,"Jl. Amaliun No.91Kota Jl. Amaliun No.91, Kota Matsum IV, Kec. Medan Area Kota Medan, Sumatera Utara 20211 IVKec, AreaKota, Kota Medan, Sumatera Utara 20211, Indonesia",,,,,5,59,,,https://www.google.com/maps/place/?q=place_id:ChIJ3VkakSIxMTARowXGNihnwmQ
ChIJ--MpVJAjMTARlFWDXtmfjZY,Yayasan Taman Doa Sola Gratia,"Sugau, Kec. Pancur Batu, Kabupaten Deli Serdang, Sumatera Utara 20353, Indonesia",,,,,4.7,102,+62 813-6294-5127,https://tamandoa.odoo.com/,https://www.google.com/maps/place/?q=place_id:ChIJ--MpVJAjMTARlFWDXtmfjZY
ChIJLUY_q5QxMTARAXkwDw37_B0,Vihara Vimala Diepa,"91, Jl. HOS Cokroaminoto No.15A, Pandau Hilir, Kec. Medan Perjuangan, Kota Medan, Sumatera Utara 20233, Indonesia",,,,,4.7,119,+62 61 4556142,https://www.wihara.org/listings/vihara-vimala-diepa/12,https://www.google.com/maps/place/?q=place_id:ChIJLUY_q5QxMTARAXkwDw37_B0
ChIJ935f953SNjARYn9Wo-1ZxvE,Danau Siombak,"Jl. Ps. Nippon, Paya Pasir, Medan Marelan, Medan City, North Sumatra 20252, Indonesia",,,,,4,1309,+62 812-6326-301,,https://www.google.com/maps/place/?q=place_id:ChIJ935f953SNjARYn9Wo-1ZxvE
ChIJhSHJh7I6MTARqfd4lT-oTpQ,Taman Cadika Pramuka,"Pangkalan Masyhur, Medan Johor, Medan City, North Sumatra, Indonesia",,,,,4.4,5644,,,https://www.google.com/maps/place/?q=place_id:ChIJhSHJh7I6MTARqfd4lT-oTpQ
ChIJn79-5S4wMTARvQWiTTzKq-s,Kampoeng Selfie (Kongsi),"HMF9+834, Jl. DR. Cipto, Anggrung, Kec. Medan Polonia, Kota Medan, Sumatera Utara 20152, Indonesia",,,,,4.3,192,,,https://www.google.com/maps/place/?q=place_id:ChIJn79-5S4wMTARvQWiTTzKq-s
ChIJJc8rCjQwMTARP0_WLlBQbfY,Taman Ahmad Yani Medan,"HMGG+HM6, Jl. Imam Bonjol, J A T I, Medan Maimun, Medan City, North Sumatra 20151, Indonesia",,,,,4.4,4430,,,https://www.google.com/maps/place/?q=place_id:ChIJJc8rCjQwMTARP0_WLlBQbfY
ChIJVXLHJ6cvMTARisZeQlbBOcs,Penangkaran Buaya Asam Kumbang,"Jl. Bunga Raya II No.8, Asam Kumbang, Medan Selayang, Medan City, North Sumatra 20128, Indonesia",,,,,4.2,2407,+62 61 8211134,https://www.usu.ac.id/id/wisata-kota-medan/penangkaran-buaya-asam-kumbang,https://www.google.com/maps/place/?q=place_id:ChIJVXLHJ6cvMTARisZeQlbBOcs
ChIJj-0TtXI7MTARRXrAAdjcZHU,The Le Hu Garden,"Jl. Pendidikan, Deli Tua Barat, Deli Tua, Deli Serdang Regency, North Sumatra 20355, Indonesia",,,,,4.2,3733,+62 821-6152-5824,,https://www.google.com/maps/place/?q=place_id:ChIJj-0TtXI7MTARRXrAAdjcZHU
ChIJeaibaZY7MTARsinvW6PAiqI,Wisata Merci Waterpark and Resto,"komp.Medan Resort City, Jl. Perjuangan, Deli Tua, Kec. Namorambe, Kabupaten Deli Serdang, Sumatera Utara 20143, Indonesia",,,,,4.5,5054,,,https://www.google.com/maps/place/?q=place_id:ChIJeaibaZY7MTARsinvW6PAiqI
ChIJFzkJ0JskMTARr9bx-u9LvVU,T.GARDEN Little Bali in Medan,"Jati Kesuma, Kec. Namorambe, Kabupaten Deli Serdang, Sumatera Utara 20353, Indonesia",,,,,4.2,1209,,,https://www.google.com/maps/place/?q=place_id:ChIJFzkJ0JskMTARr9bx-u9LvVU
ChIJte58l9ExMTAR6qHrIZChoSk,Tjong Yong Hian Gallery,"HMP9+GJG, Jl. Kejaksaan, Petisah Tengah, Medan Petisah, Medan City, North Sumatra 20151, Indonesia",,,,,4.4,87,,,https://www.google.com/maps/place/?q=place_id:ChIJte58l9ExMTAR6qHrIZChoSk
ChIJta-890swMTARJJlPBPxIySM,Sri Deli Park,"HMGP+HJQ, Jl. Sisingamangaraja, Mesjid, Kec. Medan Kota, Kota Medan, Sumatera Utara 20213, Indonesia",,,,,4.4,1748,+62 823-3918-0403,,https://www.google.com/maps/place/?q=place_id:ChIJta-890swMTARJJlPBPxIySM
ChIJ75rUDSouMTARxdqqukiYvcA,Gajah Mada Park,"Jl. Gajah Mada No.35, Babura, Medan Baru, Medan City, North Sumatra 20154, Indonesia",,,,,4.3,3533,,,https://www.google.com/maps/place/?q=place_id:ChIJ75rUDSouMTARxdqqukiYvcA
ChIJFf2orIYxMTARFJF-loUJuds,Little India Gate ( குட்டி இந்தியா நுழைவாயில்/Gerbang India Kecil),"HMMC+FCQ, Jl. KH. Zainul Arifin, Madras Hulu, Medan Polonia, Medan City, North Sumatra 20152, Indonesia",,,,,4.3,27,,,https://www.google.com/maps/place/?q=place_id:ChIJFf2orIYxMTARFJF-loUJuds
ChIJf2-1S7_MNjARYVWYGpC-nmE,Percut Waterpark,"PP6J+HMM, Jalan Kawasan Industri, Paluh Gelombang, Tanjung Rejo, Percut Sei Tuan, Tj. Rejo, Kec. Percut Sei Tuan, Kabupaten Deli Serdang, Sumatera Utara 20371, Indonesia",,,,,4,1680,+62 61 4552455,https://instagram.com/tamanairpercut,https://www.google.com/maps/place/?q=place_id:ChIJf2-1S7_MNjARYVWYGpC-nmE
ChIJH0WmUVowMTARis9K2WYgan4,State Museum of North Sumatra,"Jl. HM. Joni No.51, West Teladan, Medan Kota, Medan City, North Sumatra 20217, Indonesia",,,,,4.5,2760,,,https://www.google.com/maps/place/?q=place_id:ChIJH0WmUVowMTARis9K2WYgan4
ChIJRc_oQSMwMTAR9sVNFyhZXsU,Raksa Buana Great Temple,"Jl. Polonia No.216, Polonia, Medan Polonia, Medan City, North Sumatra 20157, Indonesia",,,,,4.7,89,+62 857-6074-4366,,https://www.google.com/maps/place/?q=place_id:ChIJRc_oQSMwMTAR9sVNFyhZXsU
